type,id,attributes.title
keyword,c36fce6f-833a-30a2-a84a-b91a64b9cb3c,#josefopatrny
keyword,9c605442-9185-3f4f-b6c5-6b2c0bb1bcb7,#metoo
keyword,eee8348f-7db2-3faf-9db2-aee6af4c312f,1. FC Slovácko
keyword,5130c4e4-041b-3130-ba35-6031914fda09,1. FK Příbram
keyword,fc639399-307f-3db1-a823-28da9c6ce234,1. fotbalova liga
keyword,21d87288-5e89-39d0-989e-36d91c8545bf,1. liga
keyword,3c0f6c77-98e6-32ba-b6ec-b7e427d84bdc,1. máj
keyword,cc1dc948-3d54-31bb-93a0-79cad6619a57,1. světová válka
keyword,0aaa1ec8-5917-302e-b89c-5c5cc97533e7,10 let
keyword,3054a047-6e28-361b-9129-417fe0e29f35,100 let
